Date,STMT,ME,MP1,MP2,d_CAD,d_JPY,d_MXN,d_NOK,d_CHF,d_AUD,d_EUR,d_GBP,d_UST_2Y,d_UST_5Y,d_UST_10Y,d_BE_5Y,d_BE_10Y
1994-02-04,0.0744275381675239,0.0793027365001626,0.1633333333333334,-0.05478037037037044,0.48833724633159137,0.7367872711671302,0.0,0.6474674689751474,0.4333924851939673,0.06995453240854947,,0.9421334828390615,13.999999999999968,15.000000000000036,13.000000000000078,,
1994-03-22,-0.0258252584761284,-0.0267713423504034,0.0,-0.08857142857142858,0.1684550147503649,-0.23557136924590363,0.0,-0.4488582073618946,-0.5232874316658501,-0.09870973092262728,,-0.1817998682726731,-5.999999999999961,-11.000000000000032,-10.999999999999943,,
1994-04-18,0.0591938759929221,0.0635324889408165,0.150025,-0.005030357142857119,0.2595718524281614,-0.1932367751053813,0.10397327338445886,0.4102087054088776,0.32299103776184585,0.7636274524988362,,0.02716099697557226,19.00000000000004,20.000000000000018,16.999999999999993,,
1994-05-17,-0.0190317471128777,-0.0191372839727532,0.1107142857142857,-0.05137142857142857,0.24685992351907893,-0.41114940549813417,0.030025521919021244,-0.5182970035229497,-0.7389456193751728,-0.20639842208515935,,-0.26586921609934017,-15.000000000000036,-18.99999999999995,-20.999999999999996,,
1994-07-06,0.0067695874961795,0.008670052443904,-0.0496,0.05290666666666666,-0.3028120554671493,-0.6494188222263392,-0.12360577223412497,-0.7814235551692141,-0.5887253776759823,-0.04131377873263841,,-0.5821491214298513,-2.999999999999936,-0.9999999999999787,1.0000000000000675,,
1994-08-16,0.0259658668252987,0.0287277989529308,0.124,0.0,-0.04348141238156737,0.20957045742189592,0.14682134483005657,0.04392065073166038,-0.11521181043220143,0.04052137557980743,,-0.03241596190334424,-4.999999999999982,-9.999999999999964,-10.999999999999943,,
1994-09-27,-0.0104641166672954,-0.0101007810642174,-0.09,-0.01000000000000001,0.037104375031473555,-0.2842352943957734,0.6501204931146295,-0.4559166658894045,-0.31116322266961405,0.08114688029809705,,-0.1903553874288698,-2.000000000000046,3.000000000000025,4.0000000000000036,,
1994-11-15,0.0313698031847126,0.0343565967916467,0.12,0.007272727272727307,0.3969134207504702,0.21390382487494422,0.04345621854437542,0.5703930424459999,0.4241379020699069,-0.19940186068645063,,0.2522069432709939,4.0000000000000036,3.000000000000025,-2.000000000000046,,
1994-12-20,-0.0177728645255933,-0.0182890127474521,-0.2254545454545455,-0.0435016835016835,0.03585900278680403,0.1696014772783101,13.065668587989263,0.0072804047937284275,-0.06765137252040944,0.15465913638283213,,0.14092629326140593,-3.000000000000025,-0.9999999999999787,0.0,,
1995-02-01,0.0500189942601368,0.0543639358442085,0.0725925925925926,0.05,0.12056311520295154,-0.03017653294538776,-5.473563857852337,-0.09735276164852533,0.3497186389249093,-0.19782400121057075,,0.06325110900310939,7.000000000000028,1.9999999999999574,6.00000000000005,,
1995-03-28,0.0158901020849301,0.0179115773819956,0.0,0.0,0.1283514152247051,0.16826522563406954,1.4771317320312722,-0.6414390177663695,-0.8661812492350146,-0.2891568279799014,,-0.9047012260210492,11.000000000000032,11.999999999999922,11.000000000000032,,
1995-05-23,0.0011983968621848,0.0023851320493336,0.0,0.0,0.0,-0.10294539084738025,1.1754963231443685,0.4431838688771987,0.45766670274116733,-0.08351893581252418,,0.5730674708985074,-4.0000000000000036,-8.999999999999986,-5.999999999999961,,
1995-07-06,-0.1345291155205644,-0.1417554631011044,-0.0868,-0.1322666666666667,-0.07300336139673481,0.2821539609942537,-0.3194890896519177,0.06500365874459993,0.17424642847450572,-0.2110447494545982,,-0.21919532809513148,-22.000000000000064,-20.000000000000018,-14.000000000000057,,
1995-08-22,0.0308076638047787,0.0337329678497524,0.03444444444444444,0.01,-0.10305484901756119,0.18625833199322675,-0.2812941376614724,0.6814336419730188,0.8156652073748787,-0.4333701257118305,,0.3250978155845654,1.9999999999999574,4.0000000000000036,3.000000000000025,,
1995-09-26,0.041687990606095,0.0455119938231134,0.02,0.03999999999999999,-0.029713267192312615,0.9466464993551613,-0.07827789049408337,-0.25445306349947616,1.0815593208620207,0.25389203188814735,,0.04455335337677721,-0.9999999999999787,3.000000000000025,2.000000000000046,,
1995-11-15,0.0145515593635155,0.0162189942466427,0.06,-0.04333333333333333,0.14763418936032308,-0.7700699521635356,-1.1243091574180468,-0.7239413856821462,-0.4659963591597335,0.7049920739218862,,0.160333528014056,6.00000000000005,5.999999999999961,3.000000000000025,,
1995-12-19,-0.0303627968401148,-0.0314235594441636,-0.0775,-0.07,0.06538084574187207,0.1473839618300523,-0.8417013110949427,0.3310739268758815,0.43440554846553936,-0.04050496241159279,,-0.19474202843956778,-6.99999999999994,-8.000000000000007,-4.0000000000000036,,
1996-01-31,-0.0137158500126284,-0.0133339019744391,-0.0300000000000011,-0.0100000000000051,-0.2325751466263329,-0.3174013120240215,1.0810916104215675,-0.09199632663548242,-0.08245383052896844,-0.34993306233525523,,-0.39159775260661733,-8.999999999999986,-4.999999999999982,-3.000000000000025,,
1996-03-26,0.0173036122147537,0.0192861393991714,0.019999999999996,-0.01099999999997579,0.06602355079729719,0.1881645112520586,-0.09942005789921825,-0.031118718159941914,-0.04192696384425719,0.12936612412202692,,-0.06563833514297343,2.999999999999936,0.0,-0.9999999999999787,,
1996-05-21,0.0160890644403414,0.0181153780270553,0.01549999999998574,0.00941071428570574,-0.08739349474736402,-0.13075559909081574,-0.270087942713239,0.43949453177568043,0.37947709385036066,0.21420029609925725,,0.09918995688430056,1.0000000000000675,3.000000000000025,3.000000000000025,,
1996-07-03,-0.0074615753342424,-0.006827528611491,-0.06089285714286467,-0.002012987012990792,-0.19818702123221266,0.1905540252656024,0.11849122576541093,-0.18458703902840393,0.1357665025058966,0.1790281808093738,,-0.02566570434365452,-1.9999999999999574,-2.999999999999936,-1.9999999999999574,,
1996-08-20,0.0059763798586063,0.0073966364217674,-0.02818181818183256,0.0,0.0,0.39783556196071235,-0.1470097157512483,-0.05442177005066951,0.09112372746683325,0.48217324733072725,,-0.18759911055455922,0.0,0.0,0.0,,
1996-09-24,-0.0616367818415713,-0.0647195616318401,-0.129999999999995,-0.1123529411764815,0.10239907272758261,-0.03641660637478079,-0.8200019495824487,0.06961903201324054,0.2993650846123303,0.5445463972242043,,-0.07705149989529815,-8.000000000000007,-8.000000000000007,-6.00000000000005,,
1996-11-13,-0.0020190345253906,-0.0009088145856894806,0.0,0.0,-0.11240587192763228,-0.08075008289483075,0.06311139370098422,0.09504198402738855,0.38706158359432635,0.22828164637760615,,-0.484555763352289,-2.000000000000046,0.9999999999999787,0.9999999999999787,,
1996-12-17,0.0096665266618053,0.0110773882295306,0.0,0.0,0.021956307037366854,-0.5353942661356514,-0.12682309879950535,-0.36365083209984195,-0.4531729809882192,-0.3650328176955775,,-0.5878488525721106,4.999999999999982,4.0000000000000036,3.000000000000025,,
1997-02-05,0.0073334281837072,0.0086785319926595,-0.03043478260870247,-0.0099999999999909,-0.007445739179198121,1.0165581787225266,-0.24282713701994835,0.06041313472309649,0.17516206965867176,0.223053297229019,,-1.0617830748940802,3.000000000000025,1.9999999999999574,1.9999999999999574,,
1997-03-25,0.0393558906734885,0.0428698279706939,0.0499999999999971,0.02181818181816454,-0.007257157374641383,0.7859700955847166,-0.1013171312606925,-0.5240812598579283,0.7592635400973128,0.6757213191118601,,-0.006183718271753643,4.0000000000000036,4.999999999999982,3.000000000000025,,
1997-05-20,-0.0341225983579708,-0.0354189879824956,-0.08454545454545764,-0.06899686520375416,0.21842018148409856,-1.9578611028215467,-0.11407568256537441,-1.0017720460593056,-1.5019850108389263,0.012915724913025705,,-0.3534649301384873,-3.000000000000025,-3.000000000000025,-0.9999999999999787,,
1997-07-02,0.0043288097349413,0.005765014148957,-0.02137931034482331,0.00801724137932708,-0.2393647100877795,-0.35737671507530694,0.26446712725898536,0.6549348011422418,0.8802813675755342,0.05314202330460189,,-0.5775494335851965,0.0,-3.000000000000025,-3.000000000000025,,
1997-08-19,0.0102564248424448,0.0119414791046411,0.0,0.0,0.45980395687276726,0.5417773346766604,-0.06441224055230209,0.9565689135662041,0.297177038915748,-0.37832770432946833,,0.3299819325232853,2.999999999999936,1.0000000000000675,0.0,,
1997-09-30,0.0027623285176483,0.0039937764280507,-0.0150000000000005,-0.006666666666651166,-0.17346058122083075,-0.23995708837054402,-0.5451352284561397,0.21837915057430773,0.2615460228646115,-0.831029713362815,,0.15499553615995967,0.0,0.9999999999999787,2.000000000000046,,
1997-11-12,-0.0173743629512261,-0.0173674578193426,-0.05000000000000183,-0.02933333333334419,,,,,,,,,-3.000000000000025,-1.0000000000000675,-2.000000000000046,,
1997-12-16,0.0093705409212869,0.0109357555016142,0.0,0.0,0.17575314728280095,-0.1603359763224634,-0.6161448944048687,0.35631118963255914,0.7660204588291789,1.1642288363402178,,0.04286720418378044,0.0,0.0,-1.0000000000000675,,
1998-02-04,0.018684862485998,0.0209402938112188,0.03500000000000129,0.0099999999999909,-0.28292466169251357,-1.7934828202693942,-0.27907271029071645,-0.7449814952582214,-0.6762551814583547,0.1906578270581669,,-0.9514358351724915,-1.9999999999999574,0.0,1.0000000000000675,,
1998-03-31,0.0029104188782698,0.0040825077246061,-0.0049999999999954,-0.01791666666668713,-0.31684589084133324,0.8513895843258875,-0.18761731582278518,0.4929842041333647,0.2298474169016592,0.2718213694205394,,0.059630293955352735,-5.000000000000071,-6.00000000000005,-4.999999999999982,,
1998-05-19,-0.0058758645830149,-0.0051780223867483,-0.0387500000000013,-0.01937499999999583,0.03448394806404131,0.2864594856159699,0.5141399500418652,-0.15959572479159387,-0.37030845211567376,-0.24082856626474455,,0.01848030312956563,0.0,0.0,1.0000000000000675,,
1998-07-01,-0.0170800803862638,-0.0170703086074759,-0.005166666666666667,-0.040538461538452,-0.401702667831746,0.259984258522025,-0.49090804823412476,0.7149851712907299,0.8871423387419687,0.290369618441283,,0.4743186821806647,-3.000000000000025,-4.0000000000000036,0.0,,
1998-08-18,0.0151214113801669,0.0170958841558185,0.01192307692309981,0.0099999999999909,0.2751574063093317,-0.5226972010620224,-0.6633791822312581,0.42319149065799366,0.5044146886678003,-0.2191689320373016,,0.0,2.000000000000046,1.9999999999999574,0.9999999999999787,,
1998-09-29,0.0275930243523054,0.0307548492093473,0.0549999999999926,0.06653846153847628,-0.6242134618481711,-1.335331414369653,0.0,-0.2562202197342351,-0.0359776942179008,-1.8922679835496274,,-0.16418439245840225,1.9999999999999574,0.0,-2.000000000000046,,
1998-10-15,-0.1122924702372589,-0.1183445738792242,-0.1646875000000153,-0.1538701923076644,-0.012933264373954829,-1.4951497006363965,-0.5417398129773836,0.6563671957282962,-0.7154991925043944,-0.2538877910906638,,0.15843679047030987,4.999999999999982,0.0,0.0,,
1998-11-17,0.0087820155198661,0.0107551501566482,-0.06923076923077176,0.0658974358974383,-0.40596762912058265,1.327820338607698,-0.22598879674373676,-0.3092855286002753,0.036396724696618823,0.6599646832742474,,-0.11929616684718335,2.000000000000046,2.000000000000046,2.000000000000046,,
1998-12-22,0.002601771407222,0.0038681103965415,-0.01722222222220638,0.002066666666664765,0.2320784950884911,0.661145240893462,0.47025234889854756,-0.18222053720991646,0.18325092172269825,0.406009489929836,,0.1489203551467833,3.000000000000025,4.999999999999982,6.00000000000005,,
1999-02-03,0.0102289071471053,0.0120407214584223,0.005600000000010753,0.0100000000000051,0.07270564449957105,0.30278765674679414,0.2967361227802008,0.394737354662956,0.16993560699299298,-0.21847699077333183,-0.09705740383386977,0.3353150527861248,1.9999999999999574,4.0000000000000036,4.0000000000000036,,
1999-03-30,-0.009325201125341,-0.0088254507101341,0.0,-0.02384615384616601,0.0,0.26680022496213457,0.27290874501053436,0.0,0.08734505208112395,0.8417424431646712,-0.14919808810153048,0.1550147574401771,-4.999999999999982,-6.00000000000005,-7.000000000000028,,
1999-05-18,0.0697687615283003,0.0746970677908809,0.0,0.0300000000000011,0.013693002896947328,-0.0243397834960968,-0.6697948684127581,0.27299334471157033,0.11317113347150663,-0.643377696215387,0.0,-0.06173601875301384,7.000000000000028,4.999999999999982,1.9999999999999574,,
1999-06-30,-0.0552790317790168,-0.0575548295144604,-0.0449999999999874,-0.0699999999999931,-0.16952029826683318,0.1075491313594386,0.2704065696872993,0.26702285558788924,0.3864739109888694,-0.47001830142151224,0.2615393557479431,0.10143917689714871,-14.999999999999947,-16.999999999999993,-12.00000000000001,,
1999-08-24,0.007594159331784,0.0093447922358,0.0375000000000085,0.004711538461525978,0.0,-0.17916335528010235,-0.28400737145946237,-0.31796529173797955,0.638433076472519,-0.17283372988012238,0.44636571571832423,0.81194625066509,-0.9999999999999787,-5.999999999999961,-4.0000000000000036,,
1999-10-05,0.0370156262936671,0.0400539883479485,-0.04769230769231508,0.0009340659340623758,-0.06802721350776282,0.5719391147441444,0.26417302836201056,0.06495615687955615,0.10748355193041458,-0.39274974956703845,0.09347542277190818,0.18137852614594083,8.000000000000007,9.000000000000075,6.99999999999994,,
1999-11-16,0.0662025322516916,0.0722025566026147,0.05357142857144057,0.1509999999999553,0.3271094643603147,0.9017193650188641,0.41557947817712465,0.1132431703277977,-0.11574819631950865,0.7761603696077473,0.02908808863291367,0.40748343102726775,5.999999999999961,4.0000000000000036,2.999999999999936,,
1999-12-21,0.0253247056639662,0.0277935861017668,0.01549999999998574,-0.006518518518512521,-0.027030679986182016,-0.6445964305825643,-0.14474497930147906,-0.31205167929495664,-0.333890126551471,-0.2646121864649949,-0.26787059025543886,-0.4231756890740969,0.0,0.9999999999999787,1.9999999999999574,,
2000-02-02,0.0029688750090123,0.0041937192561336,-0.0537037037037006,0.004277777777782097,-0.22835009749531243,0.6757095177920185,-0.2295014568781012,-0.630228725182306,-0.2300103913393765,-0.7100621549576427,-0.3795070968551721,0.5588341150049734,3.000000000000025,1.0000000000000675,-2.000000000000046,,
2000-03-21,0.0068786515124237,0.0085435701739397,-0.03100000000001581,0.02273333333333036,-0.2792441794125333,0.384237387592865,-0.22555189198097308,0.09495549674900054,0.06020469778476643,-0.5754228783251928,0.07211662600710597,-0.24832077960294843,-1.9999999999999574,-0.9999999999999787,-4.999999999999982,,
2000-05-16,0.0395344686208438,0.0432802483954922,0.04133333333332507,0.0500000000000113,-0.2352230662178411,0.24631677828022605,-0.7126418757724673,0.9715012429245882,0.6962146009951248,-0.5906896952571175,0.934534864777635,0.4454350349380375,0.9999999999999787,-1.0000000000000675,-4.0000000000000036,,
2000-06-28,-0.0157440790026368,-0.0155157350375953,-0.019999999999996,-0.019999999999996,0.08765128835450153,-0.018953752899803247,-1.1817344771953737,-0.49231365325119525,0.2500077524039595,-0.18280021708560534,0.0,-0.7108011459377657,-7.000000000000028,-0.9999999999999787,1.0000000000000675,,
2000-08-22,0.0151885007450896,0.0171499755325586,0.01722222222220638,-0.001845238095236398,-0.06097354614567408,-0.1752202228170704,-0.23783794995236945,0.7148472303875885,0.7497151609668682,1.5053311964282938,0.6891979258921621,0.6936755431016235,-1.0000000000000675,-2.999999999999936,-0.9999999999999787,,
2000-10-03,0.0270379442984846,0.0296180927502702,0.0,0.0099999999999908,-0.3182182478462831,-0.13795008395436864,-0.09039428472911104,0.5692169264921125,0.24793162871842192,0.9216655104924047,0.7408707735211306,0.7523975302762261,1.9999999999999574,1.9999999999999574,4.0000000000000036,,
2000-11-15,0.0087077276290527,0.0103813420597631,0.0,0.0,0.41996508179022835,0.5532517569725698,-0.3164559602962914,-0.16434208187293542,0.5177567984796797,-0.2501685130369127,0.03499970869304146,0.34310155143682697,-1.9999999999999574,-2.999999999999936,-4.0000000000000036,,
2000-12-19,0.0178112185884117,0.0202258222422281,0.05166666666665633,0.0150000000000005,-0.22314113085071,0.43631252156028155,-0.10666667678026799,0.5340393125495237,0.5623812365391982,-0.3501984963198966,0.3028435941416681,0.38911883074292525,1.9999999999999574,2.000000000000046,2.000000000000046,,
2001-01-03,-0.1082948922109102,-0.1148604964305019,-0.3874999999999937,-0.1749999999999971,0.1268993324408768,-0.41049885147351683,1.2480980430392985,0.0,-0.31152673169493117,-0.7660142560230403,-0.08448622321113342,-0.4530019071750011,4.999999999999982,18.00000000000006,21.999999999999975,,
2001-01-31,0.009902018536813,0.0123402277655078,0.0300000000000011,0.07227272727273007,0.06671114323458632,0.5513927987541505,0.1447477506657463,-0.053181559699404385,-0.18248180246289478,-0.1095490341436948,-0.4738324609405792,0.013685507069402712,-8.000000000000007,-6.00000000000005,-4.999999999999982,,
2001-03-20,-0.0325439847016355,-0.0335433913488673,0.0563636363636251,-0.07221590909090841,-0.5557521730092493,0.13045252563431262,-0.6077135216103315,-0.32166851539458796,-0.6524637400763161,-0.2604950876915833,-0.7650128778244638,-0.3365826051127677,-8.000000000000007,-6.00000000000005,-4.0000000000000036,,
2001-04-18,-0.2644372616610349,-0.2819021623102163,-0.4625000000000055,-0.3898437499999948,0.7483963673789124,-1.0730937865285126,-1.0826131504542027,-0.09969380587861486,0.37480222627378385,1.294194270900729,-0.022688599076340674,0.21020187111971772,-15.000000000000036,-12.00000000000001,-7.000000000000028,,
2001-05-15,-0.083030443689485,-0.087224625566772,-0.09687499999999438,-0.1200000000000045,-0.30933839193202356,0.11364560034732589,-0.29413387946852065,-0.39395980040804257,-0.48071512968331537,-0.2506508590790131,-0.456205170784246,-0.42235737852211713,-0.9999999999999787,0.9999999999999787,4.0000000000000036,,
2001-06-27,0.0535505197786259,0.0580808433966042,0.1050000000000039,0.04300000000001634,0.22428929515983415,0.34667668856521183,0.08821746175024735,-0.17423504353385058,-0.03965668692031337,0.3855054889952673,0.023196474239945305,-0.2540221518358386,2.999999999999936,8.000000000000007,1.9999999999999574,,
2001-08-21,-0.0351414913650395,-0.0359182685127424,0.02635,-0.02319655172413366,0.1873930308319686,-0.6732353068251601,-0.1697746786388182,-0.11245432728516111,0.07811796208932978,0.48964316282307874,0.13156454041137167,-0.15909801716530939,-5.000000000000027,-4.999999999999982,-4.0000000000000036,,
2001-09-17,-0.0431136324714348,-0.0451291948889243,-0.2134615384615738,-0.07881299734748366,0.28729230983702875,0.17874627051360184,-0.46467503613579036,-0.4808060165857395,-0.6360205453369816,2.6531968024372383,0.010871337728832637,0.11588671667435077,8.999999999999986,7.000000000000028,5.999999999999961,,
2001-10-02,-0.0321891117637858,-0.0331954425345359,-0.03741379310344453,-0.04689655172414098,-0.6224218252381875,0.42314935572298173,0.03152419508059983,0.1313673718399707,0.19122233874850283,-0.6075352830037187,0.1092418723452423,1.1359507246240623,-4.999999999999982,-2.9999999999999805,-1.9999999999999574,,
2001-11-06,-0.0959269518636082,-0.1008915650271261,-0.1468750000000085,-0.1207187499999882,-0.1254075910532826,-0.4693877766235545,-0.1507339073346176,0.07907371211225925,-0.1401456525271265,-1.0777022107686407,-0.13379419991179883,-0.14402800747719063,-8.999999999999986,-16.999999999999993,-0.9999999999999787,,
2001-12-11,-0.0348675156122902,-0.0356739042725447,-0.00775000000001488,-0.0349999999999965,-0.03801317835940938,-0.03168316858186673,-0.39807016057139216,-0.30568316147098384,-0.5291972179306075,0.0388424941764405,-0.2248707941062681,-0.16023969708698765,-7.000000000000028,-8.000000000000007,-4.0000000000000036,,
2002-01-30,0.02165034786024,0.024128689980106,0.0200000000000102,0.01999999999997351,0.04400716759168129,-0.50309848934577,0.23959933048104975,-0.1334149457220394,0.04107619692176924,1.5686596167699474,-0.05783355664059748,-0.1979358768674905,1.000000000000023,2.000000000000046,0.0,,
2002-03-19,-0.0373964534956888,-0.0384531802300165,-0.0387500000000013,-0.03390625000001357,-0.2395814776901705,0.781580030559396,-0.005511311969211136,0.19374329383628533,0.22284467318186887,0.19083975257603905,0.23821688991860288,0.3020831971578606,-2.9999999999999805,-0.9999999999999787,0.9999999999999787,,
2002-05-07,-0.013856029250814,-0.0132615453620097,0.0,0.0,0.12742913479683698,0.41557279394785995,0.7255042811083696,0.7585828068614451,0.2451212691457766,-0.3332102305508265,0.19657099263976444,0.006814077887557018,-4.999999999999982,-7.000000000000028,-0.9999999999999787,,
2002-06-26,0.010187602799154,0.0120069923197529,0.0,0.008611111111103189,-0.04600874247251587,-1.712696479280071,1.6470841710421364,-0.9796212839299273,-1.3298068304631487,1.2215784375293632,-1.3629354801045654,-1.4429691724755171,-14.999999999999991,-13.999999999999968,-12.99999999999999,,
2002-08-13,-0.050824427787682,-0.0518102447295059,0.03444444444443756,-0.0099999999999909,-0.5159740083741389,0.19333423413727457,1.0510455523202562,-0.3808527815806866,-0.08690711514003945,0.2042143102723169,-0.09200102872286291,0.04571130128244857,-10.000000000000009,-9.00000000000003,-9.999999999999964,,
2002-09-24,-0.00029081175024671656,0.001008696359968,0.019999999999996,0.001249999999995249,0.06939844447481235,-0.44478662952903997,-1.215081778251269,-0.3483390446188152,0.05364087563244423,0.03672420166134625,0.0712939888628202,0.06422607799453943,0.0,0.0,-1.000000000000023,,
2002-11-06,-0.0577278947152216,-0.0605585201005923,-0.2031250000000106,-0.09886904761903238,0.1476773198496334,0.3113990879863097,-0.4121289318768816,0.2439686761738475,0.1911393851093038,0.0,0.20032057980825776,0.22425125527801518,5.000000000000004,0.9999999999999787,-0.9999999999999787,,
2002-12-10,0.0177830212466575,0.0198037197238431,0.0,0.0049999999999954,-0.01921414166734422,0.2428954315403296,-0.02948837687854697,0.3372916637708159,0.22584959810567434,0.6236100387710168,0.14880217020743328,0.5463105951774427,2.0000000000000018,-1.000000000000023,0.0,,
2003-01-29,0.0316433529565666,0.0346888072029655,0.0050000000000096,0.02884615384614175,-0.8106208995818802,-0.4560818716619186,0.7313983966790785,-0.38485325067079357,-0.35461030067507004,-0.3560834623009069,-0.25813603344687297,-0.3469583783093048,7.000000000000006,7.999999999999963,5.999999999999961,5.000000000000004,4.0000000000000036
2003-03-18,0.0048725423419934,0.0062548037404177,0.02384615384616601,-0.01192307692307414,-0.31732126683997025,0.3791873091941629,-0.6463549741622279,1.3840817784397135,-0.014446691732722129,-0.08439531263016559,-0.1695714019139892,0.37053642343525584,9.000000000000007,11.000000000000032,9.00000000000003,-4.0000000000000036,-2.0000000000000018
2003-05-06,-0.0402968328970085,-0.0411344559834942,0.03099999999998934,-0.0250000000000056,-0.34728409403266014,-0.5917677257318639,0.5965496151895796,-1.1938293531926836,-0.8143184963463677,-0.6286363622160183,-0.7337049488592835,-0.4968954323187066,-10.000000000000009,-11.000000000000032,-8.000000000000007,-8.000000000000007,-6.000000000000005
2003-06-25,0.0900951411777218,0.0969654747148207,0.125,0.1086842105263073,-1.3756595907971105,-0.3566882762571008,-0.4806443212262844,0.3505085957946353,-0.3989917590307573,-1.5137044361845085,-0.8142097817282041,-1.0780484115660853,16.000000000000014,10.999999999999988,8.999999999999986,7.999999999999985,5.999999999999983
2003-08-12,-0.0131519587647913,-0.0123785181086548,0.0,0.0,0.08666763506521735,0.14352655594001973,0.1911734431585019,0.5706247651526181,0.5137625979591834,0.2736811804045289,0.39729889367755994,0.24925237231377853,-10.000000000000009,-2.9999999999999805,-0.9999999999999787,-1.0000000000000009,1.000000000000023
2003-09-16,0.005971558443264,0.0074891081963355,0.0,0.0050000000000096,0.21937851577133916,-0.9757009961603691,-0.772946289200441,0.8533356127031563,1.1615873185438383,0.7076744131251371,1.228319849405767,0.9219545376068965,0.0,0.0,0.9999999999999787,-7.000000000000006,-7.000000000000028
2003-10-28,-0.0391110184725099,-0.0398451599960284,0.0,0.0,0.007629219915964434,-0.04614461804920837,-0.47326165000988324,0.19061985657301575,0.9680178441167293,-0.18454118375101503,0.6225767412130906,-0.023593252439262864,-12.00000000000001,-10.000000000000009,-6.99999999999994,-2.0000000000000018,-2.0000000000000018
2003-12-09,0.0221387824187949,0.0241142299876989,0.0,-0.0050000000000096,0.9593688072186914,0.06525894045984335,-0.6023442640075528,-0.09026629167143253,0.007896711023968479,0.054054055370186205,-0.09817557853100288,-0.5522968819776495,3.0000000000000027,5.000000000000027,3.000000000000025,2.9999999999999805,-1.000000000000023
2004-01-28,0.0833938107012925,0.0885560361881555,0.0,0.02066666666667721,1.294467172954847,-0.03790032260642624,0.15612805669524105,1.5539864297139832,0.33039233890180497,0.2180466457442,0.18208452166934463,-0.5075460454729308,17.000000000000014,15.000000000000036,10.999999999999943,4.0000000000000036,2.9999999999999805
2004-03-16,-0.0247975114294568,-0.0247008934986179,0.01033333333332383,0.004209876543206003,0.08253611423335135,-1.394544771040786,0.8257385514683054,-0.6654154452673535,0.11725621824215883,-0.8401133422487618,-0.2202913631041829,-0.6205349847222851,-5.000000000000004,-9.00000000000003,-7.999999999999963,0.0,-1.000000000000023
2004-05-04,0.0088940327664341,0.0104459574464057,-0.01148148148147103,-0.0050000000000096,-0.2769479213495994,-0.2904340396972756,-0.23625158645782077,-1.3140793561058255,-1.3932113896868907,-1.1876952208522509,-1.1577191731691054,-1.0497752677687548,-2.0000000000000018,3.000000000000025,2.999999999999936,4.999999999999982,2.0000000000000018
2004-06-30,-0.0102482345756715,-0.0098496934252698,-0.0099999999999909,-0.02476190476190319,-0.4316767644138064,1.148856898707066,0.11273469519854178,0.4941563899821548,-0.7559216421068599,-0.6349227678658892,-0.4526197909416852,-0.19880722253863026,-12.99999999999999,-10.999999999999988,-8.000000000000007,1.000000000000023,2.0000000000000018
2004-08-10,0.0304191917501907,0.0333293295786917,0.01476190476191229,0.01555555555553966,-0.19768862885876556,0.1987712978271302,0.24762051218115969,0.02952901246911049,-0.16748418797237224,0.2373142734472115,-0.3663455068048428,0.08698016313529015,9.999999999999964,6.999999999999984,4.0000000000000036,-2.0000000000000018,-1.000000000000023
2004-09-21,-0.0026558898886302,-0.0015565953231746,0.0,0.0,-0.4490909599685169,0.0636913719724545,-0.2709081443624672,-0.46081356120369216,-1.0582945083723851,-0.07134194495354916,-0.7529909534788218,-0.36844791304977637,3.000000000000025,0.0,-2.000000000000046,-4.999999999999982,-2.0000000000000018
2004-11-10,-0.0103477802622292,-0.009683959289806,0.0,-0.00911764705881514,0.22568655878499713,1.261311902380498,-0.1486339071449544,-0.27424913951746105,-0.13559324111359553,0.3418806748785682,0.03867723892733139,0.6097415356648139,2.0000000000000018,3.000000000000025,3.000000000000025,2.0000000000000018,2.0000000000000018
2004-12-14,-0.0016196409545244,-0.0005535502595461869,0.0,-0.00538461538461043,0.7379508816149581,0.8751125951630632,0.01328403482370439,0.43963929933785173,0.27705645428058223,0.34305350967892223,0.2181354056131128,-0.02079326305772717,1.000000000000023,-1.000000000000023,-2.000000000000046,2.0000000000000018,1.000000000000023
2005-02-02,0.0024149323253281,0.0038367203383807,-0.00538461538461043,0.01316239316238105,0.024180873047344863,0.11539572393129523,0.04029640297201203,-0.22215403932453306,0.10047727547157519,-0.1811125980190889,0.015365703779456627,-0.18076457684168887,2.9999999999999805,2.0000000000000018,0.0,-1.000000000000023,-2.9999999999999805
2005-03-22,0.0446555386805955,0.048118224125263,0.0,0.008303571428579511,-0.7709243635838277,-0.10471703560555559,-0.28111841096567974,-0.030704837869205272,-0.23787285024904006,-0.6588974674320955,-0.3412325585961213,-0.12114509922270139,13.999999999999968,12.99999999999999,9.999999999999964,4.0000000000000036,2.9999999999999805
2005-05-03,0.0197608024591601,0.0219823084521692,0.0,0.0050000000000096,-0.08767385888188707,0.08562051609966835,-0.01360389980558138,-0.4008974050224127,-0.0668002696850721,0.7596766077996632,-0.24858243205305713,0.2587870149535058,4.0000000000000036,2.0000000000000018,0.0,-4.0000000000000036,-3.000000000000025
2005-06-30,0.0308555789795998,0.0337177909800587,-0.0025000000000119,0.008068181818180205,-0.05709857816534607,0.5787157846063157,0.1486436542734152,0.08262692883716077,0.32015019731785826,0.09184544370629921,0.024794413119285107,0.833106734698888,1.000000000000023,-4.999999999999982,-5.000000000000027,-4.0000000000000036,-2.9999999999999805
2005-08-09,-0.004972125919385,-0.0040330630958434,-0.007045454545448064,-0.0009090909091326732,0.06591958050173796,0.17861932050974738,0.3059905882846545,0.0046844624197674625,0.08721506994855252,0.6687233994103078,0.11332363200796437,0.10642172007291563,-3.000000000000025,-3.000000000000025,-0.9999999999999787,-4.0000000000000036,-0.9999999999999787
2005-09-20,0.0268847743224489,0.0299064912853403,0.0450000000000015,0.04500000000000171,0.1111348693141346,0.21540126799086284,-0.27668913201951345,-0.22488413893999126,-0.03135041956862899,-0.28638394996382377,-0.1972873636207083,-0.027710810164303663,6.999999999999984,4.0000000000000036,0.9999999999999787,-4.0000000000000036,-2.9999999999999805
2005-11-01,0.0125495322925041,0.0144180251982814,-0.005172413793113379,0.003735632183915219,-0.2631468773703867,0.23176970759576856,-0.17626054009058773,-0.13712034071287316,0.023253110208246185,0.3884540414795412,-0.025007293924338737,0.3340981051591694,1.9999999999999574,1.9999999999999574,0.9999999999999787,-1.000000000000023,1.000000000000023
2005-12-13,-0.009928467202524,-0.0092631880268296,-0.008611111111127645,-0.0050000000000096,0.07818269086078565,0.1749927532930315,0.0940955138821857,0.21501666016602952,0.5574495699126449,0.11921320704529766,0.359908319031917,0.3727343785620895,-2.000000000000046,-1.9999999999999574,-1.9999999999999574,0.0,-1.000000000000023
2006-01-31,0.0251938571475752,0.0278456214611265,0.0099999999999909,0.0249999999999914,-0.06119148755124302,-0.5716007543634524,0.029697895978651447,-1.1194007325407695,-0.6238323412691702,-0.9954292826151335,-0.552601513442096,-0.743497848751809,2.000000000000046,0.9999999999999787,-0.9999999999999787,4.0000000000000036,2.0000000000000018
2006-03-28,0.0360945094088016,0.0394231517928274,0.0049999999999954,0.03452380952381998,0.09409350166012684,0.5217031289727041,0.02742105039804086,-0.8186701474966683,-0.6667457738319124,-0.4242687738789981,-0.5229746697277153,-0.1544313516517449,8.999999999999986,9.999999999999964,8.999999999999986,2.0000000000000018,2.0000000000000018
2006-05-10,0.0368911752143715,0.0402234673888527,0.0,0.0300000000000011,-0.15435604826186308,-0.6851194201679174,-0.8450495773193055,-0.684501322514402,-0.3031670968823077,-0.5036492857275142,-0.4071093072870703,-0.08583691514161967,4.0000000000000036,2.000000000000046,0.0,0.9999999999999787,0.0
2006-06-29,-0.0242857417897403,-0.0247005101156711,-0.0150000000000005,-0.03521739130434913,-0.7501374700302662,-0.2149706318206057,-0.013165690230323407,0.09041233395908499,0.08810926117690146,-0.4383568663257652,-0.015957871253839163,0.28124760039477836,-8.000000000000007,-6.00000000000005,-3.000000000000025,1.000000000000023,4.0000000000000036
2006-08-08,-0.0129906958878952,-0.0126618935303931,-0.04717391304349282,-0.01065217391300387,0.18762569721326697,0.1392151969382815,0.2799258418751469,0.5775425822875819,0.31040704551243026,0.3673098711861506,0.21784805939063842,0.13096206591654175,-4.999999999999982,-1.0000000000000675,0.0,1.000000000000023,2.0000000000000018
2006-09-20,0.0150310820727831,0.0169376471039968,0.0,0.0,0.38220570059775316,-0.26395349311127664,0.01371209180108912,0.2931585691890783,-0.11195522960653775,-0.06629981015914235,-0.141821643688997,-0.34992878080466766,1.9999999999999574,0.9999999999999787,-0.9999999999999787,-4.999999999999982,-5.000000000000027
2006-10-25,0.0007263979157513564,0.0019186180578266,-0.0049999999999954,-0.0049999999999954,-0.19538194492526437,-0.10067959571808549,-0.3194373216967628,-0.9579540662659999,-0.07903264459427968,-0.25021412935789356,-0.20671020240081306,-0.14393477442960456,-3.000000000000025,-5.999999999999961,-4.999999999999982,2.0000000000000018,2.9999999999999805
2006-12-12,-0.0103973231270163,-0.0096115773999428,0.0,-0.0024999999999977,0.6255450459062627,0.11103045937147973,0.0793299429102664,0.21957119265810227,-0.04986287812112197,-0.06374705385757548,-0.0755972216226463,-0.5254175884638765,-5.999999999999961,-4.999999999999982,-2.999999999999936,-2.0000000000000018,-1.000000000000023
2007-01-31,0.0014143171230512,0.0026426372929373,-0.0049999999999954,-0.0049999999999954,-0.1863933438062642,-0.5603178799306165,-0.1122751220320731,-0.40011849687141954,-0.480000921603167,-0.20693230353677575,-0.3390878711431792,0.030590394854634283,-4.0000000000000036,-4.0000000000000036,-4.999999999999982,2.9999999999999805,1.000000000000023
2007-03-21,-0.0417216424647526,-0.0427764215598387,0.0,-0.01409090909091628,-0.5168860577665315,0.43376636159991355,-0.25240018808039266,0.021110921732523814,0.11528328022502908,0.01247582809925594,-0.10527899904567768,-0.08168266739639907,-8.999999999999986,-4.0000000000000036,-2.999999999999936,-1.000000000000023,0.0
2007-05-09,0.0295434024263583,0.0321771390914976,0.007045454545448064,0.0050000000000096,0.13567909457827787,-0.07509700382133239,-0.2251899837673137,-0.06489670835380659,-0.13964761788070007,-0.09660669752675247,-0.12554929458320907,-0.306033099754627,5.000000000000071,4.0000000000000036,4.0000000000000036,0.0,2.0000000000000018
2007-06-28,0.0136373343855182,0.0154684130837656,0.0,0.0,-0.8434123653610901,0.39913709161193184,-0.7537236757452838,-0.4482605721434698,-0.04068844911081574,-1.0216292231233652,-0.24536240422131397,-0.2850928482107319,4.999999999999982,4.999999999999982,3.000000000000025,2.9999999999999805,0.0
2007-08-07,-0.0062992313776068,-0.005342637346277,0.006458333333345734,0.002812499999969899,0.379759309525934,0.37206198848045563,-0.14129124293959366,0.71959516374296,0.6799035718407264,0.3388843441848883,0.3050554370321105,0.44943895878392676,9.999999999999964,8.000000000000007,4.999999999999982,0.9999999999999787,0.0
2007-08-10,0.0039472379436131,0.0052679098863435,0.01476190476189133,-0.009642857142848495,-0.26535269550300167,-0.5830427602749093,0.19840012332540524,0.7013712310597537,0.016711229985403423,1.0237190068730946,0.10954103406656686,0.2568536852983415,-2.000000000000046,0.9999999999999787,1.9999999999999574,-1.000000000000023,0.0
2007-08-17,-0.0029669647555415,-0.0016206445424001,-0.02214285714286844,0.05821428571431541,-1.1127329735285838,-0.19311803754686369,-1.2249496952786767,-0.7396198109212592,-1.0901090690310735,-0.34292279747385257,-0.6692967648424638,0.005043245834104108,9.999999999999964,8.999999999999986,8.000000000000007,3.9999999999999813,2.0000000000000018
2007-09-18,-0.1144828105894901,-0.1209382570950368,-0.2125000000000198,-0.1549999999999869,-0.7107765671755458,0.7109445585676057,-0.5008845625593236,0.3942046443016811,0.1430675606958045,-0.4193883086721089,-0.0649139912440987,-0.2657109326582607,-8.000000000000007,-1.9999999999999574,1.9999999999999574,2.0000000000000018,4.0000000000000036
2007-10-31,0.0422841905987063,0.0458266007147339,-0.019999999999996,0.03424999999999858,-0.3993699475266999,0.4782825761610998,-0.17182134811365277,0.7079411797807894,-0.22409938701185023,-0.9319529957756246,-0.3045828188835403,-0.5114853845550198,12.00000000000001,10.000000000000053,8.000000000000007,0.9999999999999787,0.0
2007-12-11,0.02829942572256,0.0320582149295822,0.03100000000001581,0.0250000000000056,0.03958436469303244,0.15221384503096808,-0.17946682831333374,0.19490316176110895,0.47775017880489834,-0.429476247842457,0.0815882558176683,0.3427679391623812,-23.0,-22.00000000000002,-17.000000000000036,-4.0000000000000036,-0.9999999999999787
2008-01-22,-0.1034903063278859,-0.1103436451946882,-0.4650000000000176,-0.2250000000000085,,,,,,,,,-27.99999999999998,-21.999999999999975,-14.000000000000012,,
2008-01-30,-0.0674737352269174,-0.0709794329407217,-0.1099999999999994,-0.09807692307693319,-0.4218144247722681,0.15863391559745732,-0.08305648317994543,0.24268286656947674,-0.11890064052268993,0.02248707002954004,-0.10152628710582137,-0.11576114235324705,0.9999999999999787,8.999999999999986,8.999999999999986,2.0000000000000018,1.000000000000023
2008-03-11,0.0596933766501375,0.0640707692068569,0.08524999999998854,0.01311538461538284,-0.22079495120007128,1.0455951026516361,-0.4804592075310281,-0.058327178229415286,0.9763795589690075,-0.7815083735246907,0.2606034441204676,0.6217842799732138,27.0,23.99999999999998,14.000000000000012,5.000000000000027,-1.000000000000023
2008-03-18,0.0358692911861361,0.0397407986234856,0.1073076923076964,0.0799999999999983,-0.39166507512412246,1.383856844194143,-0.6112016496630425,-0.04497326122163672,0.3947573323126301,-0.9428409047634772,-0.12044757232901646,-1.034217651057509,23.0,18.999999999999993,14.000000000000012,10.999999999999988,10.999999999999988
2008-04-30,-0.0405592744455346,-0.0422527921621273,-0.0600000000000022,-0.0649999999999977,-0.35608346230088467,1.086914947028706,-0.21005316078434086,-0.11912784215364448,0.8963483462526549,-0.7673489640233601,0.23097662007608463,-0.505128113494891,-6.000000000000005,-8.000000000000007,-8.000000000000007,-3.000000000000025,-2.0000000000000018
2008-06-25,-0.0230711842002055,-0.0234064705419386,-0.0100000000000051,-0.03980769230768715,-0.009867285024535936,0.4906281538179574,-0.02915168614561818,0.021540540359196697,0.3844679860809904,0.3453150504021045,0.13478388485075243,0.17775976645539843,-5.000000000000027,2.0000000000000018,2.000000000000046,0.0,1.000000000000023
2008-08-05,-0.0114499186596415,-0.0109877224201133,-0.005961538461549907,-0.01461538461538246,0.6737272837317658,-0.027722589467385057,-0.19040812518776956,1.0516932587789112,0.532320648641296,1.538825337046524,0.6508383962486726,0.3781495640120433,1.000000000000023,4.999999999999982,6.000000000000005,-4.0000000000000036,-4.0000000000000036
2008-09-16,0.0789327169296685,0.0854795277178115,0.1124999999999889,0.1300000000000096,0.6259655138336544,-0.5313609617676404,0.21821649385538555,1.2415257054121114,0.04465681313884928,1.7604549790027675,0.14119310499530405,0.4204159896211707,10.999999999999988,5.000000000000027,0.9999999999999787,-19.999999999999996,-14.000000000000012
2008-10-08,-0.0178137266591618,-0.0179464814093823,-0.1314130434782562,-0.0249999999999914,1.7129695560600462,-2.544313854380413,8.114055239119601,0.06182279831178957,-1.1203857658262386,7.56869086201854,-0.22686533203460837,1.6159884064342127,17.999999999999993,25.0,22.00000000000002,-19.0,-14.999999999999991
2008-10-29,-0.0364570970280909,-0.0375327954428776,-0.0500000000000113,-0.060333333333306,-5.071598584889788,1.8637938554683775,-3.3428130645268848,-2.9568789264927373,-2.0972791519797704,-6.666557596970291,-2.9614830579447213,-4.434857620361342,-6.999999999999984,2.0000000000000018,4.0000000000000036,8.000000000000007,5.000000000000004
2008-12-16,-0.1484460483994251,-0.1566210253664228,-0.1498333333333439,-0.1699999999999875,-0.9110198033637527,-0.774940222630202,-0.6219746006058122,1.2446887116422989,-1.6003124617313242,-0.9193421809150044,-1.0628330374986668,-0.2745279193277303,-9.999999999999998,-15.999999999999993,-15.99999999999997,28.999999999999996,6.0
2009-01-28,1.726730850573139e-05,0.001164154416691,0.0049999999999954,-0.006923076923070554,-1.6073824831061134,-0.13493761183869607,-0.44512031666596125,-1.5840474921268604,0.47306264305459444,-1.4585628095129155,-0.6438684516996265,-1.1874371034956281,2.0000000000000018,10.999999999999988,12.00000000000001,10.0,8.000000000000007
2009-03-18,-0.0223012381406051,-0.022316039076291,0.0,-0.0049999999999954,-0.015728216452676715,-0.7820077428724632,0.7565434155619073,-0.5701649667756016,-1.3536153556918198,0.030349013889976333,-1.0582109330536973,0.31437579478739497,-23.00000000000001,-46.0,-51.00000000000002,1.0000000000000009,10.999999999999988
2009-04-29,0.0142231259046974,0.0160399553236248,0.0,0.0,-1.8972770709187858,0.4962276284162508,-2.2579254938763764,-2.7363860124205246,-1.822533579758041,-3.1446934770651516,-1.9936229736049063,-1.326144090660104,-1.0000000000000009,3.9999999999999813,7.000000000000028,5.999999999999995,2.0000000000000018
2009-06-24,0.0286829965218453,0.0312899112655082,0.0,0.0081578947368346,-0.825409786375839,0.06292606395370401,-0.2961918239429922,-0.9226341016452347,1.2529747662013555,-1.5946097193495423,0.14260251970942733,-0.8650678375714803,5.000000000000004,3.000000000000025,7.000000000000028,-8.999999999999986,-2.0000000000000018
2009-08-12,-0.0068523782491418,-0.0059981447814611,0.0,0.0,-1.0246178743996186,0.22904747129796738,-0.19800232206867427,-2.3073335197535885,-0.5558143072227224,-0.44500644728434796,-0.5219365777323735,-0.22397781693069696,-3.0000000000000027,1.000000000000023,1.000000000000023,-2.0000000000000018,-3.0000000000000027
2009-09-23,-0.0470684800287334,-0.0483839166289247,-0.0099999999999909,-0.01576923076923275,0.3644012441595586,0.4054133641335873,0.17621810607711302,-0.5623644383525459,0.2146761167942013,0.16038495819746207,0.2910619037934797,-0.14641291048895355,-6.000000000000005,-5.000000000000027,-2.0000000000000018,-2.0000000000000018,0.0
2009-11-04,-0.00818519581219,-0.0074104484993983,-0.005769230769241846,-0.00934615384615712,-0.5340841929421469,0.7282389019340889,-0.2218004330285165,-1.957329975078127,-1.2006586716504075,-1.128830047768766,-1.2070398123685968,-1.14099678095304,-1.0000000000000009,3.000000000000025,6.999999999999984,7.000000000000006,7.000000000000028
2009-12-16,0.0047189015977683,0.0060280495241061,-0.02583333333333912,0.0,-0.4056417995569821,-0.4347105993011754,-0.044062222865155876,-1.2394388522343218,-0.6353506162742893,0.5752228250201038,-0.43312432359303027,-0.8281493823233671,-3.0000000000000027,0.0,0.9999999999999787,3.0000000000000027,4.0000000000000036
2010-01-27,0.0226497591448366,0.0248361341492632,-0.0050000000000096,0.005333333333343574,-0.11253869705049148,-0.24575526220436605,-0.19319944185668952,-0.14680279854720674,0.05731206575827526,-0.2009377769189455,0.07113387695026531,-0.5880003324615586,3.0000000000000027,5.000000000000027,1.000000000000023,-1.0000000000000009,-2.9999999999999805
2010-03-16,-0.0171565109496542,-0.0168962596057072,-0.01033333333332383,-0.0100000000000051,-0.6777023433292488,-0.022114108891529764,-0.35002288158980804,-0.8652584762265778,-0.7456030011122732,-0.33944735577690693,-0.7734442059361731,-0.9856206794298227,-2.9999999999999916,-4.999999999999982,-4.999999999999982,-1.0000000000000009,-0.9999999999999787
2010-04-28,-0.00038222161802146405,0.0006921482297864628,0.0,-0.0100000000000051,-0.43362638163975337,1.1332171729484273,1.1757739201741386,0.9815926795131917,0.6713594904121201,-0.5437751300128882,0.7587289812159606,0.8211575128572275,0.0,6.999999999999984,8.999999999999986,0.0,6.000000000000005
2010-05-09,-0.0024304715965119,-0.0014760663985318,0.0,-0.0049999999999954,,,,,,,,,,,,,
2010-06-23,0.0068538514109983,0.008330293441236,0.0050000000000096,-0.002380952380956953,1.8358050410754043,-0.8536164021604496,1.0118076551084079,0.5688948204422738,0.05429864386801809,0.5932704223634109,-0.05688051183303449,-0.6845204904553063,-4.999999999999993,-5.000000000000004,-5.000000000000027,-4.0000000000000036,-4.0000000000000036
2010-08-10,-0.0078555016939911,-0.0070735515753531,0.003690476190493757,-0.008611111111152099,0.785915848470216,0.0,0.4699757865623402,1.5165299591780523,1.1221114315890066,0.920251893116192,1.1087598397944594,1.0655502601741358,-2.0000000000000018,-8.000000000000007,-6.999999999999984,0.0,2.0000000000000018
2010-09-21,0.0016542459066742,0.0029810260264877,0.0,0.005555555555550444,0.3301935601748144,-0.4441854176333084,-0.05639362901464135,-0.28824192504211976,-0.11947432723426936,0.042207450241454086,-0.4731027519534701,0.08356098831068873,-3.9999999999999982,-8.999999999999986,-11.000000000000032,5.000000000000004,5.000000000000004
2010-11-03,0.0084042541215947,0.0101662665311691,0.008333333333325667,0.0204901960784386,-0.07925500712064487,0.7521150058836619,-0.03902883304546858,0.046158975748400506,0.11238826214919902,0.23049566751428222,0.08559201663764007,-0.4362736742197071,0.0,-3.9999999999999813,4.0000000000000036,2.0000000000000018,2.9999999999999805
2010-12-14,0.0068727939550825,0.0084780296919896,0.00455882352940757,0.0049999999999954,-0.06970376184633816,-0.05984798790162191,-0.17940268582140576,-0.5790639434607525,-0.6017239859035527,-0.5616865318897857,-0.04480286813294443,0.549295821897078,5.000000000000004,17.000000000000014,20.000000000000018,3.0000000000000027,4.0000000000000036
2011-01-26,0.00014060639657184436,0.0013470758179669,-0.0049999999999954,-0.0049999999999954,-0.30093311907094283,-0.09719354428103376,-0.38550069503338974,-0.24295444409390016,-0.15883944674905523,-0.38271775992617163,-0.3219672033493044,-0.42896861137147774,0.0,6.999999999999984,10.000000000000009,2.0000000000000018,4.999999999999982
2011-03-15,0.0089312427035794,0.0104835995824544,-0.004843749999995543,0.0,0.7453196991141773,-1.0217359766146663,0.7064626553846408,0.8596397715062442,-0.715838197756382,1.7323819819999993,0.05010199439164644,0.725697090835252,2.0000000000000018,0.0,-2.9999999999999805,1.000000000000023,-3.000000000000025
2011-04-27,-0.0051213064027277,-0.0045849032105742,0.0,-0.01874999999998275,0.44076049946913953,0.8144456373208828,0.1881825407509927,0.08262445778295835,0.04542873445534583,-0.16696043206908248,-0.23220881899738793,-0.39399960046051336,0.0,1.000000000000023,5.000000000000027,5.000000000000027,0.0
2011-06-22,0.0081492260258507,0.0078782130499492,0.0,0.0,0.030853088124636895,-0.1123525491134395,-0.23318829701685514,-0.9563326586105373,-0.9172736898185269,-0.32970685983786446,-0.027775849077947497,0.6241716027863148,-1.0000000000000009,1.0000000000000009,1.9999999999999574,-1.0000000000000009,-2.0000000000000018
2011-08-09,-0.0108965483739286,-0.0099161786064644,-0.007045454545468073,-0.000227272727273163,0.04044080532317931,-0.4783770193339408,1.3637613077539565,0.962509937228386,-3.229124904249678,1.5480034571805417,-0.007021732264244585,0.9831712475862767,-8.000000000000002,-20.000000000000007,-19.99999999999997,1.0000000000000009,0.0
2011-09-21,0.0499586161372513,0.0539012427751008,0.008333333333325666,0.02083333333334481,0.6329452988921468,-0.18312627746820304,1.8533889439517954,0.2667916809904464,0.5951395927721562,0.8194368357544198,-0.19692942435192462,0.6318430568397765,3.0,3.0000000000000027,-7.000000000000006,-1.0000000000000009,-4.999999999999982
2011-11-02,0.0095940375571741,0.0163066625577997,0.0,0.0,-0.7380107297622646,-0.3070626772964936,-1.344378546807141,-0.4384188612373662,-1.0503230556415595,-0.6193168624121261,-0.9243488064386548,-0.17543864148934732,0.0,-1.0000000000000009,2.0000000000000018,8.999999999999986,5.000000000000027
2011-12-13,0.0099287089010361,0.0115971673263467,0.004305555555551594,-0.0049999999999954,0.0972952012926787,-0.01284274065850804,-0.48614020158887633,1.3669191750136895,0.6177461331862136,-0.3770593869982859,0.7153215190585149,0.4433742202979392,0.0,-2.0000000000000018,-6.999999999999984,1.0000000000000009,-3.000000000000025
2012-01-25,-0.0038676267929878,0.0012535810148334,-0.0050000000000096,0.003611111111118045,0.22755389487654756,0.44897772810515446,-0.07142477527499898,0.3269277658004563,0.21505384632285648,-0.10500693055948288,0.20013862426821416,0.16043642138595984,-1.9999999999999991,-10.999999999999998,-7.000000000000028,2.0000000000000018,4.0000000000000036
2012-03-13,0.0129494151782184,0.0147443938486548,0.0,0.0,-0.2923536534644386,0.5458859919544365,-0.6570123762973263,-0.29180677095376256,0.2285715280855861,-0.4755120705010476,0.24380964458289178,-0.7719090351716082,1.9999999999999962,6.999999999999995,10.000000000000009,6.999999999999984,6.000000000000005
2012-04-25,0.0036097490215746,0.0018211840101848,0.0,-0.0149999999999862,-0.34465315414057984,0.14765598843644348,0.10561147359888647,-0.09259987907361476,-0.010992030788759979,-0.3295854088553234,-0.022712647256654638,-0.06815154688987436,-1.0000000000000009,0.0,0.9999999999999787,1.000000000000023,0.0
2012-06-20,0.0168084765825005,0.015472449978118,0.007500000000035699,0.004916666666660724,0.15709379764813175,0.7825358625130013,0.22896487299639132,-0.48028232754079486,-0.08459342790599558,0.01961745960190118,-0.08663123203744416,-0.11435107020790491,2.0000000000000018,3.0000000000000027,1.0000000000000009,0.9999999999999787,-0.9999999999999787
2012-08-01,0.0157612626509574,0.0178790468503254,0.01550000000000052,0.01461764705882402,0.029953572187412437,0.11517052907824231,0.0060298628978154994,-0.06814197060999673,0.1434426475462029,0.0380228141463027,0.13000733122278985,0.5754123670123874,0.9999999999999981,3.0000000000000027,5.000000000000004,2.0000000000000018,2.9999999999999805
2012-09-13,0.0176606763212717,0.0098239226661823,0.008823529411756587,0.019999999999996,-0.020502306581298983,-0.5796370965687611,-0.34902976043996486,0.32665572110838537,0.2024400030771832,0.038273849859627035,-0.13950246391644275,-0.08685941729866044,-1.0000000000000009,-4.999999999999993,-2.0000000000000018,10.999999999999988,9.00000000000003
2012-10-24,0.0044416494851734,0.0057884265528661,0.0,-0.0081578947368346,0.1106695620776751,0.03759163003981813,0.1439530361326243,0.5118662916188373,0.14997324717797822,-0.8356053284305776,0.19292362352174897,-0.5196117741723721,0.0,-1.0000000000000009,1.0000000000000009,-2.0000000000000018,-0.9999999999999787
2012-12-12,0.004519987343823,0.0059369092607505,0.0040789473684173,0.0,-0.13183917532582243,0.8216575950731182,-0.14439982418697064,-0.4148427244564596,-0.5048616985879757,-0.1994586784647282,-0.35343870830256585,-0.17992869752625767,1.0000000000000009,2.0000000000000018,6.000000000000005,5.000000000000027,0.9999999999999787
2013-01-30,0.0038080451107533,0.005141406316465,0.0050000000000096,-0.009090909090926545,0.03987638374046164,0.44028689727567005,0.4638518961780803,-0.29316189500450496,-1.003279953139378,0.42129514629931625,-0.5915426891577942,-0.2662948568319151,-2.9999999999999973,-2.0000000000000018,0.0,-1.000000000000023,0.9999999999999787
2013-03-20,0.0085203327254647,0.0093899352815142,0.0,0.005166666666661913,-0.03894839387113701,0.6934257665623023,-0.4041840914398042,0.1884401146923877,-0.22223407209795887,-0.2505783886314253,-0.4799142270873531,-0.09917028349041464,2.0000000000000018,2.0000000000000018,4.0000000000000036,0.0,0.0
2013-05-01,0.0047427845607502,0.006145053372553,0.0,0.0,0.10915406690321608,-0.24640669551591834,0.7578997476539401,-0.12665367123550408,-0.32317166982632295,0.8423344571497299,-0.18209413225837745,-0.2506669693159629,-1.9999999999999991,-3.0000000000000027,-4.0000000000000036,-8.000000000000007,-4.0000000000000036
2013-06-19,0.0090085083826874,0.0170601197786618,0.0,0.0050000000000096,-0.21572865789490597,0.021006196905307545,-0.09628600792032245,-0.15021312123742062,0.0652954642852817,-0.4519425423332479,0.022378874435994112,-0.20459057069207245,3.9999999999999982,16.999999999999993,12.99999999999999,-1.0000000000000009,-2.0000000000000018
2013-07-31,0.0042259661583059,0.0056709451803389,0.0,0.0,-0.04859322706046983,0.33610053536667184,0.8043462209032002,-0.3854351054271052,-0.15068348562023182,1.1433770561829708,-0.12053640151577225,0.4404859033705059,-2.0000000000000018,-1.0000000000000009,-2.9999999999999805,5.000000000000004,5.000000000000027
2013-09-18,-0.0035151722454645,-0.0054389893210583,0.0,-0.0049999999999954,0.21357157909280086,-0.12108982307036845,0.4017310718071577,0.03389370965202156,-0.06477383363685314,0.2138123542793029,0.044930358701056335,-0.4016825836485497,-4.999999999999999,-19.000000000000018,-16.999999999999993,5.000000000000004,4.0000000000000036
2013-10-30,0.0075123706626131,0.0090623258630041,0.0,0.0,0.08612852822010574,0.050960608553295456,0.01941709875811491,-0.16321815344565166,-0.2006018726865743,0.07372689785748829,-0.0072619004425338,-0.11824378264150817,2.0000000000000018,1.0000000000000009,2.0000000000000018,1.0000000000000009,0.0
2013-12-18,0.0058421408391694,0.0074310895205585,0.0,0.0049999999999954,0.3199099453989675,0.5344748158880943,0.3044846352340939,-0.17816430149444218,0.022545372657780744,0.21363925593532931,-0.13084249885850402,-0.8210327353611664,-2.0000000000000018,3.0000000000000027,4.0000000000000036,-2.0000000000000018,-1.000000000000023
2014-01-29,0.0070645253769001,0.0086856517184315,0.0,0.0,-0.008970621221533075,-0.5853675251460653,0.21009199248934132,0.49267190699726476,-0.4015173808258787,0.07984943103780708,-0.007319304669326015,0.12069279118816068,-2.0000000000000018,-7.000000000000006,-8.000000000000007,1.0000000000000009,-0.9999999999999787
2014-03-19,0.0148599812679333,0.021450916716365,0.0,0.0,0.7904469432395493,0.1675620124940008,0.01139146780295316,0.4284812232981101,0.0457404238963918,0.3399685239655587,0.021564892438805935,-0.33129566789266013,10.999999999999998,18.999999999999993,9.999999999999964,-4.0000000000000036,-2.0000000000000018
2014-04-30,0.0068244514553151,0.0083383066278952,0.0,0.0,-0.0638715291571402,-0.42010710998216516,-0.24428425446221674,-1.0206218965698042,-0.5100606127587797,-0.17252538245275453,-0.4480099985668212,-0.32036097641202876,-2.0000000000000018,-5.000000000000004,-4.0000000000000036,1.0000000000000009,0.0
2014-06-18,0.0109188121277117,0.0067465999329973,0.0,0.0,0.17494594950474285,-0.019575217836818728,-0.1911534779403296,0.5886380255056683,-0.24479816386401126,0.0,-0.17705648299371735,0.08255690998441452,-3.0000000000000027,-6.000000000000005,-5.000000000000027,1.0000000000000009,0.0
2014-07-30,0.0021622085364156,0.0034988874750163,0.0,0.0,0.5239223345271546,0.7609050466720825,0.5495567775254723,0.2013874030379608,0.308302380295218,0.6740516613842765,0.2389130597370768,0.2127534636203999,2.0000000000000018,7.000000000000006,9.999999999999964,2.0000000000000018,0.9999999999999787
2014-09-17,0.0150134351447968,0.0210530470217707,0.0,0.0049999999999954,-0.3099929542951484,0.6247397819688038,0.2012569742711284,0.07660379797885679,0.3429799718048832,0.7503897492945586,0.13881393452917032,-0.23912455062187887,3.9999999999999925,4.0000000000000036,2.0000000000000018,-12.00000000000001,-6.000000000000005
2014-10-29,0.0176404592139643,0.0195100105630826,0.0,0.01107142857141839,-0.36753212453297907,0.09254975209427493,-0.5426917381912156,0.4769028522289743,-0.116309820143421,-0.6309169193264609,-0.1176055645371042,0.04952640477634381,6.0,8.000000000000007,4.0000000000000036,0.0,1.0000000000000009
2014-12-17,-0.0259095047790474,0.0045995808546937,-0.005535714285740636,-0.0050000000000096,0.043005204292427796,0.3064875547452943,-1.2180501674766235,-1.1566277063982828,0.7778911807944792,0.5734170534095796,0.7868366568249833,0.5352376738592061,4.0000000000000036,8.000000000000007,7.000000000000028,1.0000000000000009,0.0
2015-01-28,0.0021442992637392,0.0034776919249949,0.0,0.0,0.4023502651675553,0.10197145683052485,0.7381368305432572,0.7639831194581079,0.14367024629632189,-0.4273510777381938,0.24656581706083192,0.2042094184834732,-4.0000000000000036,-9.000000000000007,-10.000000000000009,-5.000000000000004,-4.999999999999982
2015-03-18,-0.0347104680105268,-0.0487516406485721,-0.01192307692309981,-0.0150000000000005,0.015661707158096373,-0.2972751982804196,0.022687863710831712,0.7257728140236522,-0.8803578266759522,-0.4977741480658952,-0.35768110422615373,0.39415613381033104,-13.0,-15.000000000000014,-13.00000000000001,-1.0000000000000009,6.000000000000005
2015-04-29,0.0048207585881479,0.0062076905208675,-0.0049999999999954,-0.0049999999999954,-0.5505519411829078,0.025249337339033423,-0.3323847530548231,-2.389519380760047,-1.9052227432008115,-0.5969424516357613,-1.7605293784361522,-1.019059219666138,0.0,4.0000000000000036,6.000000000000005,1.0000000000000009,3.0000000000000027
2015-06-17,-0.0180357370783715,-0.0303081427989402,-0.01153846153848369,-0.0100000000000051,-0.17048918276149774,0.6945594066295786,0.04537646335921825,-0.68665809248175,-0.5699859492428644,1.1154460660064602,-0.05337603542791859,-0.45302358543897897,-3.9999999999999925,-5.000000000000004,0.0,2.0000000000000018,2.0000000000000018
2015-07-29,0.0007774617598076024,0.001994856555448,-0.0049999999999954,-0.0049999999999954,-0.30976560044067264,0.2748809233448948,-0.38211503768427774,-0.2947210267593567,-0.08303924081068877,0.2460362094050209,0.2626694141917665,-0.04481290686688956,1.0000000000000009,1.0000000000000009,3.000000000000025,2.0000000000000018,2.0000000000000018
2015-09-17,-0.0353233026490292,-0.0466442965137463,-0.05769230769232062,-0.0499999999999971,0.045513161674659325,0.2318649597906292,0.12064182908518128,0.49137733383939003,0.22682760524422854,0.544200045348527,-0.07074637719905941,-0.06449948624020925,-12.0,-12.00000000000001,-8.999999999999986,3.0000000000000027,1.0000000000000009
2015-10-28,0.0278863450059916,0.0306305123816341,-0.0050000000000096,0.02599999999999144,-0.7047886397872577,0.2242060312258834,-0.6576478781232136,0.11370097870753237,0.0,1.2521031694308304,-0.1265937414747931,-0.04570533199607666,7.9999999999999964,9.000000000000007,5.000000000000027,-1.0000000000000009,-1.0000000000000009
2015-12-16,0.0190186421992981,0.0262016083671701,0.02066666666667721,0.0099999999999909,0.552046146665001,0.18066852249490511,0.18060536820993134,0.4997717876019823,-0.697924240947391,-0.43106511858089314,-0.238008168012695,0.20627481779220894,4.0000000000000036,4.0000000000000036,2.0000000000000018,-2.0000000000000018,-2.0000000000000018
2016-01-27,-0.0100129752298742,-0.0094529560130204,-0.0050000000000096,-0.01533333333333364,-0.15657251793045285,0.33698431215503627,-0.526416975557237,-0.44134410574655814,-0.12767003943818603,-0.9801910994318498,-0.1934325661845672,0.5663756705753187,-1.0000000000000009,-2.0000000000000018,1.000000000000023,1.0000000000000009,3.9999999999999813
2016-03-16,-0.0447174101107624,-0.0603415377590425,-0.01550000000001509,-0.0550000000000068,0.06736779325858919,0.7150138596456721,0.08922348284649231,0.3631378600119015,0.273681180404551,0.40268510790354456,0.3335289520843381,0.4669929947308357,-10.999999999999998,-9.000000000000007,-3.0000000000000027,9.999999999999986,8.000000000000007
2016-04-27,0.0130580771678584,0.0150176815987008,-0.0050000000000096,0.0150000000000288,0.18217105350842044,0.026967504320926178,-0.040270387427567646,0.26145731231716274,-0.03089121169600385,1.917241641296589,-0.03533568941362234,0.39087997650526396,-3.0000000000000027,-6.999999999999984,-6.999999999999984,1.0000000000000009,1.0000000000000009
2016-06-15,-0.0196647300337884,-0.0177123091521596,0.0,-0.0300000000000011,0.6137133265268904,-0.14158292043715975,-0.610442813663254,-0.4596660818351659,0.07258775659622833,-0.5960461970466195,-0.2940523393037198,-0.3884871564378781,-5.000000000000004,-4.999999999999982,-2.0000000000000018,2.0000000000000018,2.0000000000000018
2016-07-27,0.0083998625015665,0.0100645282647171,-0.0100000000000051,0.0066666666666939,0.10594824662924973,0.7791753597584437,0.43173901488780597,0.1304540451041175,0.12084593615685488,0.7478667335549537,-0.03640997673574868,0.29740365841232874,-2.0000000000000018,-4.999999999999982,-5.000000000000004,-2.0000000000000018,-1.0000000000000009
2016-09-21,-0.0140997003846475,-0.0170896270715684,-0.04166666666662867,-0.02916666666665535,-0.31801344284384325,-1.0282866955583918,-0.03023355443653497,-0.024110619639154666,-0.23542669147103862,-0.4887401578576396,0.06267627908091106,-0.030826140811303252,0.0,0.0,-3.0000000000000027,4.0000000000000036,2.0000000000000018
2016-11-02,0.0084836442153226,0.0101392520489644,-0.005357142857137928,0.004411764705878294,0.07472724903114847,-1.3185312045595758,1.5094920357390667,-0.19534594642644626,-0.9132483563272586,-0.10439776493010716,-0.694917285925929,-0.7907757344925992,-1.9999999999999907,-4.0000000000000036,-2.0000000000000018,-4.0000000000000036,-2.0000000000000018
2016-12-14,0.0278630701095855,0.0388216556697405,0.0,0.005185185185195141,0.030485481525635252,-0.17367145733728676,-0.13091108562115938,0.5331576673383831,-0.18796068253245135,-0.2399041534466219,-0.19726651458329975,-0.16541297930962515,10.000000000000009,10.000000000000009,6.000000000000005,-4.0000000000000036,-1.0000000000000009
2017-02-01,-0.0073924725151894,-0.0067605666763304,-0.005185185185180415,-0.02420138888889433,0.44413887236374633,0.5044035294972466,-0.09603611695832454,0.05820439607495429,0.4238577341746293,0.23768662979321054,0.3340760345400206,-0.45980737424814194,3.0000000000000027,3.0000000000000027,2.9999999999999805,-2.0000000000000018,0.0
2017-03-15,-0.0198771072916542,-0.0217460176444666,0.0,0.0,-0.08174488620769513,0.026167735331850052,-0.9059562923333495,0.006978367064951616,0.019843238481611097,-0.23734188356637942,0.14101059915863895,-0.442805151573202,-6.999999999999984,-10.999999999999988,-9.00000000000003,-3.9999999999999813,1.9999999999999796
2017-05-03,0.0141789980585717,0.0161990361090709,-0.002767857142854597,0.01179687499998915,-0.2696106854135153,0.24955449671481503,0.07984032360245594,0.29047495617628866,0.0,0.9616743006493997,-0.09161704717796408,0.03870418440544698,3.0000000000000027,5.000000000000004,4.0000000000000036,-1.0000000000000009,-0.9999999999999787
2017-06-14,0.0182385502184227,0.0243140284946094,0.01875000000000956,0.0150000000000005,-0.1892004953848095,-0.8755984434268914,-0.8220441759177675,-0.8189936976322205,-0.3100136822064392,-1.042294547100791,-0.73873327809827,-0.5401821566763593,-2.9999999999999805,-5.000000000000004,-6.000000000000005,-7.999999999999985,-4.0000000000000036
2017-07-26,-0.0017682016992021,-0.0007340788627205438,-0.0049999999999954,-0.005000000000038002,-0.0479654657849163,0.473913347302581,-0.039415524596003094,-0.21335349458615843,0.880693467540221,0.3402435391250707,0.20611481017400968,-0.01532919448084878,-3.9999999999999813,-6.999999999999984,-4.0000000000000036,-1.0000000000000009,-1.0000000000000009
2017-09-20,0.0282090026474706,0.0326502236089534,0.0,0.0,0.04076807101187796,0.008969012069331372,-0.4399702502915799,-0.0012809591822469527,-0.11431541904808105,-0.6963470067904736,-0.15013765435980947,-0.347107176170166,5.000000000000004,4.999999999999982,3.999999999999959,-3.0000000000000027,-2.0000000000000018
2017-11-01,0.0076398115377119,0.0092336296815683,-0.002586206896549345,0.001867816091952305,-0.031026993733254665,0.3601708114553534,0.031361070714901414,-0.04656006945596402,0.46041518626558137,-0.1042752962055159,0.2578871883989389,0.18087276014009693,1.0000000000000009,0.0,-0.9999999999999787,-8.000000000000007,0.0
2017-12-13,0.0037590706788576,0.0004991722543926373,0.004305555555551594,0.0049999999999954,-0.09318217788703408,-0.3791724484652055,-0.2296212260350268,0.10272582665937478,-0.3229064359732253,-0.7258362450322843,-0.3150681705421022,-0.31474846128073103,-4.0000000000000036,-6.000000000000005,-4.0000000000000036,-4.0000000000000036,-1.0000000000000009
2018-01-31,0.0094577773659963,0.011227328510664,-0.0074999999999931,0.01574999999998551,-0.38160237920377477,0.3757852366829347,-0.39392812856156556,-0.2580445812916934,-0.364104064703284,0.08671415842215056,-0.30622958897498753,-0.4662013105811413,1.000000000000023,1.000000000000023,-0.9999999999999787,1.0000000000000009,0.9999999999999787
2018-03-21,0.0030673490276887,-0.003636983948122,0.0,-0.005344827586217158,-0.9677494882065257,-0.1128243820321015,-0.8221902527436952,0.13574925968103435,-0.09429515078703471,-0.2207936477203357,0.02445087424058178,-0.3632870754740479,-2.9999999999999805,0.0,0.0,-8.999999999999986,0.9999999999999787
2018-05-02,0.0021041905253442,0.0034017849990418,-0.002672413793100989,0.002043610547665462,-0.19439374730916117,0.18216600355899681,1.2689621676576965,0.3901624862501624,0.21074823395647993,-0.17346058122083075,0.26702285558786704,0.007347268656192887,-0.9999999999999787,-2.0000000000000018,0.0,0.0,0.9999999999999787
2018-06-13,0.0150453617748988,0.0150894677051824,-0.004411764705903353,-0.005019607843131802,-0.18497115100473704,0.1722340995956399,-0.1009596101734279,-0.06741320805093669,0.03048006119611264,0.039445138898153646,0.06786562866516908,0.2836457824691475,4.999999999999982,4.0000000000000036,2.0000000000000018,2.0000000000000018,-0.9999999999999787
2018-08-01,0.0038436923715133,0.0052188361054695,-0.002583333333330957,0.0,-0.08454060373633139,-0.14311272567829295,0.14775614868638212,0.33577228463398456,0.28257158775753,0.4851761538914051,0.3422902537583337,0.038102496174455734,0.0,2.0000000000000018,4.0000000000000036,0.0,0.9999999999999787
2018-09-26,0.0062027488421337,0.007815162636676,0.0100000000000051,0.0100000000000051,0.14667853017699203,0.035429584073003055,-0.4567363229970177,-0.26368983685656083,0.36218800911543547,-0.12404384472490325,0.1020061292122294,-0.15183725966008435,0.0,-3.000000000000025,-4.0000000000000036,-0.9999999999999787,-2.0000000000000018
2018-11-08,0.0088093356493354,0.0103631602772941,0.006818181818175544,-0.01079545454544461,0.053388248226895356,0.48417718601979676,1.2297808393980723,0.1907561839344878,0.34945869520971046,-0.054914883313046114,0.375956726977589,0.21325217525650508,2.0000000000000018,2.0000000000000018,2.0000000000000018,-1.0000000000000009,0.0
2018-12-19,0.0203843252731822,0.0153560118385277,0.02583333333334651,0.019999999999996,-0.23791832784163816,-0.3471453038915553,-0.4956238430887927,-0.6546009212858876,-0.1209189990139109,0.0,-0.5090856250729714,-0.19752702665448313,-2.0000000000000018,-2.9999999999999805,-4.999999999999982,-2.0000000000000018,-1.0000000000000009
2019-01-30,-0.0068702875218163,-0.0137209890272064,0.0,0.0,-0.5670449549191509,0.1918422001607758,0.9358234410228471,-0.3334652215472347,0.38118212470253515,-0.6552829303571885,0.05253480551612175,0.6410278360919018,-4.0000000000000036,-5.999999999999961,-2.0000000000000018,5.999999999999983,6.000000000000005
2019-03-20,-0.0114304027526008,-0.0083393566885067,0.0,0.0,0.24792469781998652,0.026931190970269928,-0.5146827593787288,0.22858492501593705,-0.2703380870448194,0.1973221218116492,-0.052868095336604214,0.5443424645433104,-6.000000000000005,-8.000000000000007,-6.999999999999984,2.9999999999999805,1.0000000000000009
2019-05-01,-0.0168063463862905,0.0304905043264624,-0.02583333333333912,-0.009924242424260241,-0.07450454822365488,-0.19768179678601944,-0.7556977251768711,-0.07291456010089337,-0.6195623889962745,0.028413127055746588,-0.4009449840407564,-0.4670580061208205,4.0000000000000036,3.000000000000025,1.000000000000023,-2.0000000000000018,-2.0000000000000018
2019-06-19,-0.0347554236608728,-0.0744419314391669,0.05454545454544363,-0.0300000000000011,-0.25412974286724216,-0.027681661076421057,0.2533597625415925,-0.12363063493031512,-0.34078413255063145,0.02910784476963726,-0.1606426048273799,-0.6197381983860853,-12.00000000000001,-6.000000000000005,-3.000000000000025,4.0000000000000036,3.0000000000000027
2019-07-31,0.0337184701884011,0.061558143974671,0.0375000000000085,0.04374999999996725,-0.19762852282118817,-0.0736512646071927,-0.4308086940421575,0.2702719758553739,-0.060575468788190714,-0.23255824434754102,0.16159443322484074,-0.5909406559946793,3.9999999999999813,0.0,-4.0000000000000036,-2.0000000000000018,-2.0000000000000018
2019-09-18,0.0268265530608181,0.0515501015530852,0.03437500000000425,0.0150000000000005,0.25629442643801803,0.046234223395127526,-0.3559916051580103,-0.02910100307071924,0.25157245972471487,0.20434980107815623,0.018079913265667484,0.12013937610975811,5.000000000000004,2.0000000000000018,-1.0000000000000009,-6.000000000000005,-6.999999999999984
2019-10-04,0.0089571821939382,0.0106077983808609,0.0,0.0,0.06752954674183224,0.14040344890851256,-0.8155612654004546,-0.04393431890100909,-0.16054589039397538,-0.19237889766003385,0.15479174499796688,0.6558993512892398,1.0000000000000009,0.0,-2.0000000000000018,2.0000000000000018,2.0000000000000018
2019-10-30,0.0163512469508232,0.0049737891039748,-0.0099999999999909,0.0210000000000029,0.7693224522667977,0.04593266352404132,0.34493605853180315,-0.197369198574109,-0.27210901143607247,-0.14562402456963347,-0.05395683584144597,0.25604234804951764,-2.9999999999999805,-4.999999999999982,-6.000000000000005,-4.0000000000000036,-4.0000000000000036
2019-12-11,0.0041059291975144,0.0028299111875118,0.0,0.0,-0.2194227793694819,-0.0551977934897843,-0.18753912560572658,-0.2139225019601872,0.04059265328726413,-0.7311042946886268,-0.018032639125588962,0.01517796162889081,-3.9999999999999813,-4.0000000000000036,-6.000000000000005,1.0000000000000009,-2.0000000000000018
2020-01-29,0.0101436556376702,0.0006943123013892415,0.0100000000000051,0.0049999999999954,0.20473940801213497,-0.01832172962251977,-0.5542487797517766,0.35087563529642063,0.0923787594563903,0.13336298931505308,0.03634381286597347,-0.12303908042511061,-3.0000000000000027,-6.000000000000005,-4.999999999999982,-1.0000000000000009,-1.0000000000000009
2020-03-03,-0.1002935803411909,-0.1116710992738729,-0.2601785714285708,-0.164999999999992,0.13490221636656294,-0.6874156191321947,-1.3003549714459863,-0.7388306208942476,-0.14629051720765524,-1.4154410271154927,-0.09848248255567452,-0.2810525700457722,-13.0,-10.999999999999998,-8.000000000000007,2.0000000000000018,4.0000000000000036
2020-03-15,-0.0787426357792495,-0.0620963664467634,-0.193749999999989,-0.0450000000000017,,,,,,,,,,,,,
2020-03-19,-0.0063512895718225,-0.0055510107074339,0.01291666666665478,0.0100000000000051,-0.45529879976070237,1.4918136912150093,1.5353701741131975,1.4962515601125717,1.2261316378361757,-0.6678678819305102,1.2446751806960779,0.8368249670516579,-10.000000000000004,-13.0,-5.999999999999983,-1.9999999999999991,-13.0
2020-03-23,-0.012152390350357,-0.0117289816743005,-0.009687499999991087,-0.0099999999999909,1.2179238499602978,0.05389383046104015,4.480638790203589,-3.376226333265108,-0.4266131406759808,1.4832972884326325,-0.727547281605975,2.1606177265900746,-8.999999999999996,-14.000000000000002,-16.000000000000004,6.0,5.000000000000004
2020-03-31,0.0032152962607291,0.0045800371915239,-0.0024999999999977,0.0,-0.3251805495162978,-0.49167500134847786,-3.4249779448588242,-1.9376873180556877,0.2183747553196779,0.09768805726389068,0.018153762417104227,-0.49907533356927153,0.0,-2.0000000000000018,0.0,-7.9999999999999964,-7.9999999999999964
2020-04-29,-0.0036141284589083,-0.0020266159269966,-0.0300000000000011,-0.02250000000000785,-0.4010317606154034,-0.1498829320404504,-1.9329672009506405,-0.5114952850071159,0.05130573197555251,-0.5677038645489905,-0.15676152410292926,0.07238509183232997,0.0,-1.0000000000000009,1.0000000000000009,2.0000000000000018,0.0
2020-06-10,0.0041059291975123,0.0054972726350696,0.0,0.0,-0.3355582731795957,-0.3815555324684875,0.9755281283527077,0.621543402133507,-0.39076989050884314,-0.5727392517662865,-0.06166586109168817,-0.17258967177363208,-3.0,-7.000000000000001,-8.999999999999996,2.0000000000000018,1.0000000000000009
2020-07-29,0.0033490368734794,0.0053372014391158,0.0,0.0,0.044886661934170714,0.028559189113157395,0.20928124108042803,-0.337004724239005,-0.30584403960820544,-0.09770396478266127,-0.3148536830698659,-0.18515666453170412,-2.0000000000000018,-1.0000000000000009,-1.0000000000000009,1.9999999999999796,2.0000000000000018
2020-08-27,0.0054307037680482,0.0068690726076619,0.0,0.0,-0.25898856645798285,0.27287713944921255,0.7716788180092569,-0.36276074574852096,-0.09910257927213252,-0.5247905981438667,-0.0930744239462949,-0.32557287891349723,0.0,2.9999999999999973,5.000000000000004,2.0000000000000018,1.0000000000000009
2020-09-16,0.0043995649398471,0.0076905258904121,0.0,-0.005999999999994479,-0.2655238065724005,-0.5322194657555517,-0.023750148550064687,-0.3224218760205105,-0.055050923493253634,-0.546748218213339,0.09290148888262197,-0.882153828713551,0.0,1.0000000000000009,0.9999999999999898,3.0000000000000027,1.0000000000000009
2020-11-05,0.0066301076792566,0.0084145451255189,0.00299999999999724,-0.003199999999997056,-0.5199185960595316,-0.6921108085186298,-0.4883897665587717,-1.137365830440831,-0.4843157513036853,-1.009899985292729,-0.6712289953760388,-0.7269420235810637,0.0,0.0,1.0000000000000009,-1.0000000000000009,2.0000000000000018
2020-12-16,0.0063510416473751,0.0068690726076619,-0.005166666666661913,0.0,0.1961939024459741,-0.09648785001760916,-0.6644542718668501,-0.37331263166666234,0.022573363527009286,-0.13227515156162872,-0.139727964212278,-0.5123076134232577,2.0000000000000004,0.0,0.0,3.9999999999999813,1.0000000000000009
2021-01-27,0.0094840404266222,0.0104284283907423,0.0,0.01107142857141839,0.5570170915558266,0.3850230957190285,0.6947918768796905,0.9577692076521239,0.11254925217345582,0.7394468407736751,0.37941319022182673,0.2990847325575518,0.9999999999999996,-1.0000000000000009,-1.0000000000000009,0.0,0.0
2021-03-17,0.0006266370091781552,-0.0005011511827850066,-0.01107142857144983,-0.0099999999999909,0.1925700667306883,0.1924575583740511,0.509227803286889,0.3307889559300567,0.1618385205153263,0.504626806762444,-0.08403361839049588,0.02879769638332227,-1.9999999999999991,-2.9999999999999916,0.9999999999999787,-0.9999999999999787,0.0
2021-04-28,0.0026713600197029,0.0033058970399559,-0.0100000000000051,-0.004642857142866958,-0.3393942651794358,0.23002264363069946,-0.16033674143417612,-0.6531654371967733,-0.10954103406656543,0.09007270762739794,-0.15717420615811822,-0.06469002921012729,0.0,-2.0000000000000018,0.0,3.000000000000025,2.0000000000000018
2021-06-16,0.0199673065124721,0.0214604574702661,0.02678571428572029,0.0124999999999886,-0.3036896494174809,-0.21818190473335236,-0.6216915057531095,0.2919500494290214,0.011129041244581377,-0.46789791627911076,0.008251165481803801,-0.26256978502920747,4.999999999999999,9.999999999999998,6.000000000000005,-4.999999999999982,-6.000000000000005
2021-07-28,0.0068244514553151,0.0089259595784229,0.0,0.0,-0.12727708344544963,0.3823400197027643,-0.1703577924783965,-0.31286203692870307,-0.010947506716282215,0.25820494062715815,0.18612526523812095,0.0,0.0,1.0000000000000009,1.0000000000000009,2.0000000000000018,3.000000000000025
2021-09-22,0.0076324076234047,0.0139229405659045,0.0,0.0,-0.43883778598843076,0.23752980289074832,-0.5183166350946704,-0.7156306733961768,-0.13002493976214588,-0.33094349013672536,-0.12786090477390027,-0.04390458141649491,3.0,2.0000000000000018,-1.0000000000000009,-2.9999999999999805,-1.000000000000023
2021-11-03,0.0063698624910797,0.0081311611008868,0.002777777777775222,-0.01229166666665536,-0.03221130644697274,0.2457866405891432,0.3703975180171918,0.3263143492277238,-0.2627834644807549,-0.013459855999872,-0.025901144112008216,-0.3446888382095356,0.9999999999999953,4.0000000000000036,4.0000000000000036,2.0000000000000018,2.0000000000000018
2021-12-15,0.0238408887927261,0.0208070508152394,0.0,-0.0100000000000051,0.45006671765337397,0.17585514072076125,0.15084381101016606,-0.31980685003739495,0.23791511168297655,-0.30924961390413913,0.05326704671404848,0.08321041366692684,1.9999999999999907,3.0000000000000027,3.0000000000000027,0.9999999999999787,2.0000000000000018
2022-01-26,0.0012942801622569,0.0702719058285846,-0.0050000000000096,-0.004999999999980253,-0.31703284063777665,0.39437411440417386,-0.1403509002320198,-0.9234214035536219,0.20644327427587306,-0.40545319438135335,0.0354578498529523,-0.1554922382075536,10.999999999999988,9.999999999999986,7.000000000000006,-2.9999999999999805,-3.000000000000025
2022-03-16,0.0602717645156901,0.024938593328673,-0.02066666666667721,0.00306172839506329,-0.5010187402314003,0.24506709353940914,-0.7545754689329792,-0.9903500299530188,-0.010621913016518056,-0.761407430116888,-0.2002731666215655,-0.23699410962581238,9.999999999999986,8.000000000000007,4.0000000000000036,-8.000000000000007,-4.0000000000000036
2022-05-04,-0.0156146659816477,-0.0804854433793499,-0.0172222222222228,-0.0127777777777782,-0.15592113551025238,-0.09228640199706775,-0.5915426891577942,0.17557398567324164,0.4486598736452725,-0.6458882324581907,-0.06644203177368706,0.18402213458116062,-11.999999999999966,-7.999999999999963,-4.0000000000000036,3.000000000000025,2.9999999999999805
2022-06-15,0.0498852378507765,-0.0708823370616306,0.0449999999999874,0.0450000000000017,0.2856813895245242,-0.2895432439694467,-0.04838865864279322,0.2826708768659154,0.04990767184490487,-0.8820822141264009,0.2691791665711575,-0.3822507562820428,-25.0,-23.0,-16.000000000000014,12.00000000000001,10.000000000000009
2022-07-27,0.0026549658267917,-0.0511837619541968,-0.0150000000000005,-0.01500000000000051,-0.07760360470168803,0.5037794029957081,0.17081924161449683,-0.5325785888603006,0.1659407142865514,0.2597404057685471,0.07911392817710103,0.07480364393190207,-6.000000000000005,-7.000000000000028,-3.000000000000025,4.999999999999982,6.000000000000005
2022-09-21,0.054655695433522,0.040741943558807,-0.024999999999977,0.001785714285712643,0.43387261359415696,0.34748801384128647,0.0,0.04072608853123775,0.24896278419597984,0.6434739748739453,1.147240116223678,0.6597780696436384,5.999999999999961,-0.9999999999999787,-6.000000000000005,-0.9999999999999787,-2.0000000000000018
2022-11-02,-0.0351361076874267,0.0462798513551127,-0.005357142857137928,-0.04117647058822367,-0.08068361460178629,-0.6774634676760829,-0.3553303231037569,0.1631203639545509,-0.0700595534836684,-0.31240262833330323,-0.04051453514347228,-0.061063376957400085,7.000000000000028,3.000000000000025,2.999999999999936,3.000000000000025,2.0000000000000018
2022-12-14,0.0559791242146778,0.0347068442457521,-0.002279411764703694,0.03119553376906424,0.2730931320474812,-0.1406938660014821,0.2897889620446735,-0.3409390892578064,-0.32421945617160774,0.11653315229907574,-0.2349073196723851,-0.26631174194835505,1.0000000000000675,-2.0000000000000018,-1.9999999999999574,-6.000000000000005,-5.000000000000027
2023-02-01,0.014032377742109,-0.0434736673052239,-0.007777777777770622,0.001790123456739566,0.014999250065610027,-0.693804818251256,-0.4799241334469886,-0.08300207981712779,-0.42546292293742594,-0.24084448845400178,-0.5419071814872974,0.12991232746261303,-12.00000000000001,-14.999999999999991,-12.99999999999999,2.0000000000000018,0.9999999999999787
2023-03-22,-0.0189041792985785,-0.0480972612139299,0.02583333333330957,0.03044642857143234,-0.07284913267464285,0.3019553890869195,-0.7688829985755622,-0.6843677798562342,-0.01082543979405652,-0.5098226667225544,-0.21334825587109124,-0.3029436958877604,-20.999999999999996,-18.999999999999993,-10.999999999999988,6.000000000000005,4.999999999999982
2023-05-03,0.0138713034564892,-0.0005236691652156996,0.01383928571428882,0.01601562499999822,-0.12483021043090045,-0.8463089111724726,-0.8956197045914814,-0.3318997335870057,-0.6740841163299217,-0.07493443587807232,-0.47174178022405855,-0.5754951539980132,-8.000000000000007,-8.999999999999986,-6.000000000000005,0.9999999999999787,0.0
2023-06-14,0.0533654635353005,0.0532188404734694,-0.01875000000000956,0.0150000000000005,-0.11286258298969526,-0.4797202483803812,-0.6059918323180594,-0.8968923736250359,-0.8987577835341358,-0.8230499136515703,-0.6189110329308789,-0.6717534250370477,7.000000000000028,4.999999999999982,-0.9999999999999787,2.9999999999999805,0.9999999999999787
2023-07-26,0.0122077356629631,-0.013654042593784,0.0,0.007499999999993099,0.29548833865088603,-0.35546745804625185,-0.19534262193314045,0.5229961305399723,-0.2200475727215994,0.5167207186100863,-0.2530731647150253,-0.4185079347204306,-2.999999999999936,-6.00000000000005,-5.000000000000027,-1.9999999999999574,-3.000000000000025
2023-09-20,0.0459762111587796,0.050842250116529,0.0,0.02068965517242435,-0.05213182020876972,-0.040603641350970145,-0.2076892683636246,-0.4248941829027265,-0.2899845886652648,-0.6328646576128303,-0.28973336778256586,0.03228149491357096,4.0000000000000036,0.9999999999999787,-2.000000000000046,-2.9999999999999805,-2.0000000000000018
2023-11-01,-0.0022707679661664,-0.0302945332902238,-0.002586206896549345,-0.0153544061302787,0.007205389634569086,-0.3306662625381832,-0.5944627078655059,0.49017736461214473,0.032961600034728984,-0.488382223188933,0.2842795432929975,0.06594675039100036,-12.00000000000001,-15.000000000000036,-11.000000000000032,-4.0000000000000036,-0.9999999999999787
2023-12-13,-0.0455356220279847,-0.0845660673700041,-0.004305555555551594,-0.0099999999999909,-0.30168155031587995,-0.19269154678738087,0.6666019181872741,-0.506787919166793,0.04566731441393511,-0.33475381229990514,-0.027799657316586002,0.17546662661162354,-27.000000000000046,-23.000000000000043,-16.000000000000014,0.0,0.0
2024-01-31,0.0189798297838987,0.0324057555361015,0.0012499999999988,0.03295454545455553,-0.1866159612982143,-0.9865032209703424,-0.018628695230200734,0.0813214298070031,-0.42995824762937,-0.07578628631019169,-0.1013871693835972,-0.39345345060060627,-9.000000000000075,-8.999999999999986,-6.99999999999994,-0.9999999999999787,0.0
2024-03-20,-0.0078672537674286,-0.0285981089240929,0.0,0.0,-0.11790716178048392,0.6151016450351707,-0.42066743973097925,0.04597765942114929,0.3259711760672217,-0.0612557446412696,0.027630670219556838,0.0,-8.999999999999986,-5.999999999999961,-3.000000000000025,2.0000000000000018,1.000000000000023
2024-05-01,0.0045443938399247,-0.0161684360148146,0.0,0.0,0.08724735176100548,0.06979917158915429,-0.25700770500066483,-0.01985344554043695,0.22864618813041696,-0.09240721433779982,0.03744617156656336,0.2079834363040914,-8.000000000000007,-8.000000000000007,-6.00000000000005,-4.0000000000000036,-3.000000000000025
2024-06-12,0.0182455221618397,0.0332081846052284,0.0,0.0100000000000051,-0.5390848634876534,-0.9195467093100275,1.6355881907420944,-2.066512275178568,-0.7707382470951484,-1.5490196184643907,-1.0196602990657708,-0.9230353394332435,-5.999999999999961,-8.999999999999986,-8.000000000000007,-8.000000000000007,-4.999999999999982
2024-07-31,0.0166624695624229,-0.0300546658284834,0.0,0.0124999999999885,-0.3037537592624277,-2.196734174676241,-1.0739277131994436,-0.47873209396614547,-0.6232667918265637,0.030599755440732807,-0.1294378878943466,-0.09350164309067542,-5.999999999999961,-6.000000000000005,-6.00000000000005,0.9999999999999787,-0.9999999999999787
2024-09-18,-0.0714310356297788,-0.0448773422005805,-0.1187499999999985,-0.1008152173913099,0.0661643104453662,0.11279521816261358,0.017117469975993276,0.004718071630622007,-0.12995453420855035,-0.10358861451649817,0.017990465102030735,-0.2655238065724005,2.0000000000000018,3.000000000000025,5.000000000000027,1.0000000000000009,0.0
2024-11-07,0.0144816547036135,0.0149943048915455,0.0,0.01192307692309981,-0.45331971855956016,-0.9424527851608777,-1.824443450194952,-1.9694959545746344,-0.42322053448441943,-1.4799424445939207,-0.5575186342077026,-0.680011893245746,-5.999999999999961,-9.999999999999964,-11.000000000000032,-6.000000000000005,-4.999999999999982
2024-12-18,0.0543358251058351,0.0728196856759344,-0.005961538461566838,0.0150000000000005,0.16057531289150373,0.38385265569470856,-0.5254342458240078,0.47248113285549437,0.0783567510847289,0.5853983966946466,0.3528013194551894,0.17313296211080906,9.999999999999964,14.000000000000057,9.999999999999964,2.0000000000000018,0.9999999999999787
2025-01-29,0.0179627680688357,0.013330981713076,0.0049999999999954,0.0050000000000321,0.27754666720358534,-0.2766431461624449,0.08170491364859207,-0.00708089927717666,0.28684926994563975,0.30460945396811145,0.10555103412425407,-0.01608492845674756,1.9999999999999574,1.9999999999999574,0.0,0.0,-2.0000000000000018
2025-03-19,-0.0153788683487746,-0.0384686711151949,0.0,-0.0064583333333274,0.11173185519925981,0.35391175800672553,0.35561986192859124,0.14173141439398498,0.30728983379140273,0.39410471124802454,0.4586322476895371,0.1386962774348806,-4.999999999999982,-4.0000000000000036,-4.0000000000000036,4.0000000000000036,1.000000000000023
2025-05-07,-0.0072564712605612,0.0053816186068723,0.0,-0.0062499999999943,-0.0072603187311788605,0.49610554883389774,-0.5291570046391444,0.09228094859141052,-0.3281281427394227,0.4169568236725052,-0.026439871479983466,0.18717483845945107,0.0,-2.9999999999999805,-4.0000000000000036,-0.9999999999999787,-0.9999999999999787
2025-06-18,-0.0078696651967995,0.0031050029915349,0.0062499999999943,0.0,0.7040733155486667,-0.31765788744443785,0.2565529039280897,0.656090315611557,0.40453625502448615,-0.07671653617531957,0.12144345698006408,0.3334942135612554,0.0,-1.000000000000023,-0.9999999999999787,0.9999999999999787,0.0
2025-07-30,0.0011993830099653,0.0482091624083817,0.0024999999999977,-0.0032692307692277,0.2682035604319195,0.3359766633077253,0.15598343243749663,0.5203082819133344,0.494377474597241,0.8795674327288108,0.5564264051941423,0.48848404351738756,8.000000000000007,6.000000000000005,4.0000000000000036,0.0,-1.000000000000023
2025-09-17,-0.0230503105126839,-0.0040081331232789,0.011538461538451,-0.0349999999999965,0.11633826659356691,-0.13655607748140441,0.3409131460970323,0.3371857407953913,-0.07620015608740857,0.14985766329153263,0.025323935474888603,-0.051253890926165425,1.000000000000023,3.000000000000025,1.9999999999999574,1.000000000000023,0.9999999999999787
2025-10-29,0.0112417470727232,0.0693557224377045,0.0249999999999914,0.0102380952381001,-0.31620579706479507,-0.15129093495837645,0.033122741779838545,-0.06524499727058028,0.3903058149718071,-0.4243073497280959,-0.04287613151480734,0.2790033103460414,11.999999999999966,10.000000000000009,8.999999999999986,1.000000000000023,2.0000000000000018
2025-12-10,-0.0015137379791926,-0.0110997585329549,-0.0036904761904938,-0.0100000000000051,0.014458179740349316,-0.3320777047454112,0.23078454975891427,0.0009866068125288447,-0.4226759152024119,0.16547578051956768,-0.09446520518702858,-0.15003753752345653,-6.999999999999984,-5.999999999999961,-4.999999999999982,0.0,-0.9999999999999787
2026-01-28,0.0082002898699091,0.0081012525317895,0.0,0.0,-0.1692857284268761,0.3717840110626816,0.09976393897335055,0.18493703906798512,0.36458373717400955,-0.21473059571476039,0.3260736136055745,-0.03627262544757514,3.000000000000025,2.0000000000000018,1.9999999999999574,2.9999999999999805,2.0000000000000018
